Ticker,GOOG,GOOG,GOOG,GOOG,GOOG,MSFT,MSFT,MSFT,MSFT,MSFT,AAPL,AAPL,AAPL,AAPL,AAPL
Price,Open,High,Low,Close,Volume,Open,High,Low,Close,Volume,Open,High,Low,Close,Volume
Date,,,,,,,,,,,,,,,
2025-07-09,175.60852437791746,179.7666484059067,173.38487860127222,177.15411376953125,31288000,496.33549554664154,502.76415743455226,495.77993553758444,499.52008056640625,18659500,208.70202548866368,210.49491569520316,206.40115605631001,210.3056640625,48749400
2025-07-10,176.16694359935292,179.07862729251107,175.23959900796677,178.191162109375,24693700,499.06366987607214,500.4426696344743,493.8056807647675,497.5061340332031,16492100,209.67816220166208,212.63642743345136,209.2000631819418,211.57066345214844,44443600
2025-07-11,177.40341900651282,182.09003308540355,177.03546641829647,180.79373168945312,23975700,494.5200000462786,501.0280145407016,493.85529597280816,499.3315734863281,16459500,209.73794232575938,211.29177557167307,209.03074119537857,210.3256072998047,39765800
2025-07-14,181.55157606315228,184.203990340659,180.19643695394902,182.28945922851562,20990400,497.5458219138798,499.9764196247383,497.0597144820079,499.033935546875,12058800,209.10044482334126,210.07658325197187,206.71988962428105,207.79562377929688,38840100
2025-07-15,183.41623298699918,184.88204837684916,181.8706435714378,182.57862854003906,23911600,499.033906939414,504.27206541624594,498.805748905247,501.8117370605469,14927200,208.39325734338402,211.05270487364396,208.09443976951917,208.28369140625,42296300
2025-07-16,183.7951562789434,184.8072654587967,182.55868170023993,183.24671936035156,21152600,501.17679603649344,502.70460109528983,497.9128887743687,501.6133117675781,15154400,209.46900551017632,211.5606982702429,207.81556132948495,209.32955932617188,47490500
2025-07-17,182.59360912811604,184.6597003678229,180.98320215483517,184.17408752441406,21654400,501.6728265840105,509.30189104591364,501.6133044647972,507.6451416015625,17503100,209.7379236663323,210.96305897069354,208.761785269157,209.19009399414062,48068100
2025-07-18,186.0885941142983,186.82649243957306,184.2039765036521,185.41053771972656,21033400,510.4030974050004,510.5618634291492,503.40897568442307,506.0082092285156,21209700,210.0367321724359,210.95309492429405,208.87135730762196,210.3455047607422,48974600
2025-07-21,186.56725704377217,190.71540028494329,186.5173963708382,190.605712890625,24665000,502.69469811942383,508.03210080948105,501.54388660874696,506.0181579589844,14066800,211.26189276464606,214.92734394651046,210.79374875413163,211.640380859375,51377400
2025-07-22,191.87210315551704,192.80942904222442,187.9582761229891,191.56298828125,26212900,506.92092641726225,507.1491147296819,501.2660827636719,501.2660827636719,13868600,212.29776458434165,214.1006098348481,211.39135685335447,213.5527801513672,46404100
2025-07-23,191.8122616415566,192.80941417343925,189.6384612100756,190.9646759033203,34068100,502.7343595827018,502.77405108780124,496.7323137246232,501.861328125,16396600,214.15041924441525,214.29982043425818,211.57065737650467,213.30377197265625,46989300
2025-07-24,197.54589455449943,198.40344636594713,191.40343112437813,192.64987182617188,45252100,504.73836945889843,509.59953458867506,503.28001689239056,506.8316650390625,16107000,213.05477516619655,214.83771055173221,212.68624207244096,212.9153289794922,46022600
2025-07-25,192.38063967306033,194.71896368694811,191.5829297825064,193.52737426757812,31101800,508.409026924469,514.1829150146133,506.3157616392057,509.6392517089844,19125700,213.85158759699283,214.38946224202752,212.55672164240056,213.0348358154297,40268800
2025-07-28,193.85641861722297,194.2652547885067,191.3086861013837,192.86923217773438,25553500,510.0063088656235,510.91900158393673,506.07766717141,508.4388122558594,14308000,213.18425263148458,214.00101967144602,212.2180844005514,213.2041778564453,37858000
2025-07-29,192.74958939416115,196.10002254359046,192.44047454062365,195.87066650390625,31891600,511.4448055642593,513.5182098314434,507.50623361872493,508.50823974609375,16469200,213.33365491441555,213.96117031669576,209.9869466315705,210.43516540527344,51411700
2025-07-30,195.74105428582791,197.91483960451836,195.00315589990151,196.8778076171875,21150500,511.0876726596135,511.8615208479224,505.40309770511885,509.1729736328125,26380400,211.06266703997414,211.5507362671114,206.89919168476044,208.22393798828125,45512500
2025-07-31,196.0401927171234,196.26953353783088,191.53305903886246,192.3108367919922,27852000,550.8301860551579,551.0484742016899,527.6851029610986,529.2723999023438,51617300,207.66616446381488,209.01082086651627,206.34141808889078,206.7498016357422,80698400
2025-08-01,189.2396045493179,191.07236832994607,188.1626779989125,189.40911865234375,21236700,530.7605061500977,531.5541546097426,516.7325410439772,519.956787109375,28977600,210.03671752861544,212.73601533219744,200.70374904924734,201.5802764892578,104434500
2025-08-04,190.63064182040998,195.52167386173045,190.37636305120955,195.19261169433594,23386000,524.0839138486996,533.9848111754816,523.9450087012631,531.3955078125,25349000,203.70186769022786,207.0585613783641,200.88304868853191,202.5464630126953,75109300
2025-08-05,194.98818991202364,198.13420493112548,194.12067207868012,194.7638397216797,19010200,532.9231983823397,533.0422426180032,523.0619638515897,523.5679321289062,19171600,202.59624780213056,204.52858421879685,201.36115745633876,202.11814880371094,44155100
2025-08-06,194.6940404711256,196.81798032699237,193.91326525690266,196.35928344726562,15383700,526.6930052823053,527.4866537198485,519.8774501718309,520.7802124023438,21355700,204.81744899810374,214.52892145014,204.77759854868273,212.40733337402344,108483100
2025-08-07,197.14704524438545,197.80515439006194,194.6641298180053,196.71826171875,14660600,522.6254396329194,523.9052559727172,513.4487398823029,516.7127075195312,16079100,218.01508808955717,219.97730473834642,215.7241736307253,219.16053771972656,90224800
2025-08-08,197.416259260937,202.85073766140218,197.33648523042044,201.51455688476562,24379900,518.4587582353118,520.502431840537,515.2940341981842,517.9031982421875,15531000,219.95737356583322,230.08718413442585,218.3836152444713,228.44371032714844,113854000
2025-08-11,200.9810638173645,201.58435203185698,199.23107153514874,201.0558624267578,16690200,518.1611446296885,523.4092640243366,515.6015722772428,517.6353759765625,20194400,227.27701087414155,228.91238364576833,224.12592192869855,226.53909301757812,61806100
2025-08-12,201.51953670048817,204.54589820462374,200.8265084062007,203.5786590576172,19854000,519.5997169841131,526.7724058726347,518.5580494708657,525.0462036132812,18667000,227.36674823663387,230.14888579943394,226.429412881848,229.0021209716797,55626200
2025-08-13,204.39631813928864,204.845033727696,198.07437484974005,202.45187377929688,19573000,527.8934364066101,528.4787877679453,515.2544004746543,516.454833984375,19619200,230.4181341091737,234.33703985510917,229.77992501054072,232.6717529296875,69878500
2025-08-14,201.98320217166057,204.8350588484687,201.74887073226878,203.2396240234375,17777100,518.4191046945965,521.7822560401938,516.0182983192124,518.3397216796875,20269100,233.39969406647393,234.4567012802976,230.19875827485632,232.12330627441406,51916300
2025-08-15,204.13707666196314,206.73964549503341,201.50958510061872,204.3265380859375,21111400,518.6274679925785,521.9310366989816,514.9667059909838,516.0480346679688,25213300,233.33985018068216,233.6190590405621,228.69299310222902,230.9366455078125,56038700
2025-08-18,204.48609075472882,205.55303612354803,202.8308137889139,203.7082977294922,13000200,517.4568516493948,518.6770855269226,509.94683045407294,513.0023803710938,23760600,231.04634466466607,232.46233685580373,229.46083388892833,230.23863220214844,37476200
2025-08-19,203.3244011339479,203.70829941015938,200.3578660416823,201.91343688964844,13476600,510.9189744125155,511.0776798784135,504.5200741760794,505.73040771484375,21481000,230.62753117126795,232.2130419457167,228.70298322789472,229.90956115722656,39402600
2025-08-20,201.10571211053593,201.59432232086678,196.89774249140027,199.61996459960938,13971700,505.8296325155463,506.9506829011106,500.44266872858867,501.7125244140625,27723000,229.33119207499826,229.81981519856654,225.13307755654054,225.3723907470703,42263900
2025-08-21,200.14845791183663,202.78093999390543,199.82936179748154,200.04873657226562,11768900,500.5200933584279,504.43529989468334,499.55619671725805,501.0666198730469,18443300,225.63166356522294,225.88095827873425,223.14868274098328,224.26551818847656,30621200
2025-08-22,203.37924258904317,208.6342256189113,201.55445158058532,206.13137817382812,25723700,501.0765850227361,507.5158151187978,499.2481684011306,504.037841796875,24324200,225.53193619713707,228.44369658121065,224.77408575714253,227.11744689941406,42477800
2025-08-25,206.41056953451064,210.4889196480279,205.3635563561227,208.56442260742188,22788800,503.44159720621536,504.9917771303553,500.9473838488724,501.0865173339844,21638600,225.84106025439092,228.6531118971015,225.59176554347297,226.51914978027344,30983100
2025-08-26,207.77668190384477,207.86643720129274,205.86215074219382,207.35787963867188,23051000,501.18583887731603,501.8019624337255,495.37267961289456,498.8804626464844,30835700,226.22996704217394,228.84258604761433,224.05612439304167,228.6630859375,54575100
2025-08-27,205.87213986987481,208.97328517564355,205.8023318820089,207.61715698242188,15249000,498.8407434548062,504.09746017877256,496.75395340313815,503.5509033203125,17277900,227.96506627689797,230.24859923631865,227.6160475796746,229.8397674560547,31259500
2025-08-28,207.24818932023632,212.2937789587124,207.00888243799457,211.76528930664062,20915700,503.89867767213724,507.87350408410515,502.3186878124423,506.4326477050781,18015600,230.16884905542523,232.75153884501827,228.69301327644948,231.9039306640625,38074700
2025-08-29,210.66842253634155,214.72682548432343,210.36927372964016,212.92198181152344,24682200,505.4588240002719,506.39291066950057,501.3150539612025,503.501220703125,20961600,231.85405874294378,232.7216147258446,230.71727541448905,231.485107421875,39418400
2025-09-02,208.39491024343394,211.76428641121737,206.37069184883856,211.38636779785156,28900100,497.32034095368414,502.81553721257154,493.68337117589067,501.9410705566406,18128000,228.6032698757151,230.19876225122124,226.32970313085187,229.0719451904297,44075600
2025-09-03,225.8351154891725,231.13997459873178,224.47898735115547,230.4419708251953,72250300,500.619436889999,504.59426313425837,499.158687032213,502.16961669921875,16345100,236.5408165177042,238.17618932549604,233.69885053091846,237.79725646972656,66427800
2025-09-04,229.49964084428723,232.10720020502256,226.11430372222992,231.9975128173828,32196000,501.1262461318779,504.95202275876863,499.983489561643,504.7731628417969,15509500,237.7772812570227,239.22318747047024,236.07211403385233,239.10353088378906,47549400
2025-09-05,231.99751875750673,235.4576393653349,231.71831725733676,234.5003662109375,26127700,505.86625611105876,508.7479993566889,489.27134277765646,491.8847961425781,31994800,239.3229322237051,240.63921565449175,237.8171975861315,239.01380920410156,54870400
2025-09-08,235.32873581763147,237.9336306885174,233.2727680706754,233.70193481445312,23128800,494.975206462802,498.04578670760833,491.9146033142146,495.0646667480469,16771000,238.62491556233425,239.47250850410185,235.6732593017711,237.20892333984375,48999500
2025-09-09,233.73188999346144,240.1193644961195,232.92347691738414,239.47064208984375,22854800,498.27429847652155,499.0891451753406,494.5677922273047,495.2733154296875,14410500,236.33140663047269,238.10638391026913,232.70167593051625,233.6888885498047,66313900
2025-09-10,238.78197848839386,241.60644426204072,237.64420916870392,239.09136962890625,19990100,499.81456783685906,500.06299449245154,493.5939546766565,497.2209777832031,21611800,231.53496736029473,231.76431424305812,225.31256565050364,226.1501922607422,83440800
2025-09-11,239.67024304096682,242.09549744985415,236.11720946779278,240.30899047851562,21308600,499.08915061774627,500.00337405269875,494.7466575341409,497.8569641113281,18881600,226.23995033725743,229.7998710451417,226.010588238333,229.3810577392578,50208600
2025-09-12,240.32895441337703,241.9487806264288,238.03345058625408,240.90782165527344,14536600,503.4614629424367,509.32432605160386,500.67909648146514,506.6910095214844,23624900,228.57335925244223,233.84842918261825,228.373926506362,233.40968322753906,55824200
2025-09-15,244.66045674238666,252.25557067635967,244.5007660792978,251.2675018310547,29935200,505.58800862213144,512.2259313574772,503.80926524972944,512.1166381835938,17143800,236.33139853346725,237.5180438551372,234.36695488957946,236.03224182128906,42699500
2025-09-16,251.83640041639592,252.73463376812833,249.22651032925336,250.9281768798828,24493500,513.6270820344445,513.9748550906477,505.3991924428879,505.83642578125,19711900,236.51088466190768,240.53949594661788,235.65332541334,237.4781494140625,63421100
2025-09-17,250.96810297309426,251.45713469310198,246.0976443107254,249.3612518310547,20491300,507.4064717390096,508.07226852063866,502.74598524416496,506.81024169921875,15816600,238.2958480596019,239.42266510979977,237.05934071942244,238.3157958984375,46508000
2025-09-18,251.36731345678214,253.64285211495618,249.6207367971961,251.83639526367188,21166400,508.270968235188,509.84104161182444,504.4650853819943,505.2501220703125,18913700,239.29302360434258,240.51954939992544,235.98238232851827,237.20892333984375,44249600
2025-09-19,252.90429521414327,256.1978580599402,251.5749001290136,254.74070739746094,41616800,507.34685812925306,516.0318444319288,507.09843147001845,514.6704711914062,52474100,240.5494606794321,245.60516498271895,239.53234916144805,244.8074188232422,163741300
2025-09-22,254.28159202417987,255.80859778310395,250.31935701525043,252.38531494140625,20079000,512.3452424901319,514.48167541423,509.3143886623668,511.21240234375,20009300,247.5995237986898,255.9160073848096,247.42002368458668,255.35755920410156,105517400
2025-09-23,253.15878923661495,254.2716135136843,250.59880455040593,251.8463592529297,17521100,510.56645428814153,511.35152134239047,504.1173079645634,506.0252380371094,19799600,255.15815615601056,256.6140289111009,252.86464151383097,253.7122344970703,60275200
2025-09-24,251.6567409307806,252.465169210253,246.73639225090292,247.34519958496094,16958500,507.16798604562155,509.2547456727144,503.72976965544393,506.9394226074219,13533700,254.49998437943248,255.01852163586054,250.33176892231356,251.5981903076172,42303700
2025-09-25,244.36105019347215,246.83121478968334,241.17728790642323,246.08767700195312,17379800,505.10107733704126,506.8003375404676,501.8616142840625,503.8390808105469,15786500,252.49566170312627,256.4444966190252,250.99989343760635,256.14532470703125,55202100
2025-09-26,247.30029966360988,249.63072353115038,246.15753518831568,246.69647216796875,16594600,506.849997214163,510.70558375978015,503.4316440082871,508.2411804199219,16213100,253.38315498635407,256.87328100426123,253.06405044687503,254.73931884765625,46076300
2025-09-29,247.7893233809348,251.15572628312094,242.72425403895525,243.88198852539062,23157200,508.2809533120173,513.5972596483151,505.677446731691,511.3614196777344,17617800,253.8418726304012,254.28063380560434,252.29624220529692,253.7122344970703,40127700
2025-09-30,242.5845309216633,243.19833335962917,239.1023575820505,243.07357788085938,22541200,510.0099885223437,514.8990082310244,506.45253207823936,514.6903686523438,19728200,254.1410137555297,255.1980209495745,252.39595068950493,253.9116668701172,37704300
2025-10-01,240.70820538398718,246.6665283113266,238.73208285012265,245.05967712402344,23967700,511.56013673304216,517.2342231556227,508.4697238165545,516.4392700195312,22632300,254.32049261064776,258.0599285933123,254.21080232618834,254.72933959960938,48713900
2025-10-02,245.15948907619045,247.15058167045217,242.6294442783024,245.94793701171875,20657500,514.3823296081488,518.3173691617891,507.4661094259624,512.4942626953125,21222900,255.85613542550084,257.45162766856953,253.43299812845933,256.40460205078125,42630200
2025-10-03,244.75028083348028,246.6345880461835,241.9956853826143,245.9678955078125,19941400,513.8456285403139,517.2143082734997,511.75886906280147,514.0940551757812,15112300,253.9515436206674,258.5086431914624,253.23357360959045,257.2920837402344,49155600
2025-10-06,245.29920341478498,251.7066427694446,245.20938312792492,251.0179901123047,18309000,515.3461902238155,527.6880704621805,514.9387971845453,525.2435302734375,21388600,257.2621558739689,258.33912604890287,254.3304629034206,255.96583557128906,44664100
2025-10-07,248.4430272638954,251.05791228547747,246.32717935405861,246.6465606689453,13811200,524.9652461341774,526.4657528279373,518.1583800775612,520.682373046875,14615200,256.0855101139428,256.6738420114173,254.70939836699205,255.75645446777344,31955800
2025-10-08,245.71837051628768,246.7762944646119,244.61054133420603,244.97982788085938,14136500,519.9868698926625,523.6337564909833,519.798063194055,521.5469360351562,13363400,255.79633660873378,257.7906945345413,255.38748958216482,257.3320007324219,36496900
2025-10-09,244.5806064331981,245.07463323132637,239.21112602039744,241.73619079589844,19375700,519.0527457511332,521.0302122328587,514.1438325922749,519.1123657226562,18343600,257.08267167133846,257.27213808351553,252.42584836214985,253.32330322265625,38322000
2025-10-10,241.6862837352197,244.36103373708602,236.2219879862294,237.02542114257812,22449100,516.3697201998212,520.2849266906686,506.42270727517143,507.74432373046875,24133800,254.22079760361632,255.65673769030235,243.31165772832736,244.5780792236328,61999100
2025-10-13,240.55849921146196,244.5107594146721,240.2790481619253,244.16143798828125,12465000,513.1600441163425,513.1600441163425,508.45983088995337,510.8149108886719,14284200,248.67648318296307,248.98560621270488,244.86725241658198,246.96133422851562,38142900
2025-10-14,241.28209772688697,247.5398217507458,240.70621533424085,245.7084197998047,17705400,507.0189143190136,512.0371506947121,502.815524609146,510.337890625,14684300,245.90431694508948,248.14796941642882,244.00966795095763,247.07101440429688,35478000
2025-10-15,247.59969690234325,252.26553937260695,246.3072168107861,251.2176055908203,16048100,511.7192223799748,513.9351689053381,506.79041532984223,510.1988220214844,14694700,248.78616738422895,251.10959602979932,246.77186176083558,248.63658142089844,33893600
2025-10-16,251.9711151399471,257.07609924459695,250.17962841163254,251.38726806640625,18946000,509.3541552294708,513.597241245564,504.93214864922606,508.3902282714844,15559600,247.54965348458146,248.33741809379524,244.43846029169785,246.7519073486328,39777000
2025-10-17,250.8583192068179,254.38141265847207,248.1037085285355,253.2935333251953,17653800,505.8364332653001,512.235876086287,504.1173098719632,510.3478698730469,19867800,247.3203043073955,252.66518358811555,246.57242016484557,251.5782470703125,49147000
2025-10-20,254.730720175168,257.3755454382386,254.10196292360385,256.5172119140625,13726800,511.3713853844849,515.4356724346321,510.1988187679518,513.5376586914062,14665600,255.168106265739,263.63416054313814,254.90884523128253,261.50018310546875,90483000
2025-10-21,254.75068259010632,254.88043315871175,244.1913772492023,250.84832763671875,27836400,514.2431942660954,515.4257076122852,509.81124074780416,514.4021606445312,15586200,261.141213133835,264.5415968076956,261.0913359303388,262.0286865234375,46695900
2025-10-22,254.51113980291018,256.6768929861004,249.96106769580882,252.03599548339844,19650200,517.870184130928,521.9244631183706,514.4518312300626,517.2639770507812,18962700,261.9090191460537,262.1084670888602,254.70938662410154,257.72088623046875,45015300
2025-10-23,253.20371774019742,255.3594960774361,252.27354929291647,253.23365783691406,13241300,519.1720024577996,520.6526156742948,515.3461954332505,517.283935546875,14023500,259.2066564378435,259.8847307097371,257.2821086816683,258.84765625,32754900
2025-10-24,256.79662410065674,261.9964535508816,255.5989899714157,260.0003662109375,18406000,519.4999115166443,522.0437982801024,517.4330452189278,520.3147583007812,15532400,260.4531458541269,263.3848541030092,258.44880663072195,262.07855224609375,38253700
2025-10-27,264.8408796912386,270.27024022649704,264.421718365036,269.4019470214844,22987700,528.4333612309177,531.2157277722118,525.6807743511338,528.1749877929688,18734700,264.13273028939324,268.3607587413759,263.9033682058253,268.0516357421875,44888200
2025-10-28,269.6714336408872,270.8491179569037,266.6473622943728,267.9048767089844,20101200,546.5385938392855,550.2351530342114,537.3667019364588,538.6585083007812,29986700,268.23110734142335,269.12859257872884,267.39348082722177,268.2410888671875,41534800
2025-10-29,268.084518803547,275.430136689206,267.9048782372746,274.6317138671875,26287900,541.5104645203966,542.8321112501552,533.3521116884923,538.1417846679688,36023000,268.5203194424725,270.6443152614699,266.35642794866993,268.93914794921875,51086700
2025-10-30,291.149338690232,291.3589193601236,279.9013960238178,281.3485412597656,48570000,527.1414993194383,531.6032326010347,518.834126044735,522.4512329101562,41023100,271.2226702585742,273.36662916750566,267.72259312931254,270.63433837890625,69886500
2025-10-31,282.651007876155,285.7250001291056,276.98014610019925,281.26873779296875,29932800,525.5515477587454,525.9887810857076,511.85824179468614,514.5512084960938,34006400,276.2085578376442,276.53764389728985,268.4006608909581,269.60723876953125,86167100
2025-11-03,281.86755274284974,285.38065607049083,279.82154461028614,283.564208984375,19691800,516.5385956979154,521.6562086548496,511.3514766558802,513.776123046875,22374700,269.6571458353552,270.08592548154905,265.4988962118729,268.2909851074219,50194600
2025-11-04,276.52303396227904,281.2827177201756,276.3234130003011,277.5160827636719,18123700,508.53927600780713,512.3054020147877,504.64393297114844,511.0931091308594,20958700,267.5730004152706,270.72408938596277,266.86501191822913,269.2781982421875,49274800
2025-11-05,278.83347249108255,286.1391601752395,277.33640684061817,284.1929626464844,20063200,510.06960470137113,511.5900049686576,503.39189488693165,503.96826171875,23024300,267.8521863717013,270.93349568379296,266.17693326929896,269.3778991699219,43683100
2025-11-06,285.1760461917381,288.2450432279728,281.0691054763307,284.7818298339844,23103800,502.47768369906356,502.51744045426454,492.6896676102462,493.9715576171875,27406500,267.1342708755924,272.6287059365568,267.1342708755924,269.0089416503906,51204000
2025-11-07,283.65401936749936,283.9434605971931,275.20058717815346,279.1528625488281,21991100,493.8225155697467,496.2372153715257,490.1457889557352,493.6933288574219,24019800,269.03885049148494,271.5218466038475,266.0173996929098,267.7126159667969,48227400
2025-11-10,284.70701038582297,290.8898692555018,282.98537855082736,290.0215759277344,19508200,496.8930989278779,503.6602390221828,495.6608820179433,502.8155822753906,26101500,268.46119877683986,273.2223721938244,266.9639805623884,268.9303283691406,41312400
2025-11-11,287.63622797404787,291.7681133620935,287.3168466563392,291.1692810058594,14156700,501.6230817360039,506.39289163210333,499.18851875070465,505.4786682128906,17980000,269.3096487524697,275.3983427074405,269.2996575494418,274.73956298828125,46208300
2025-11-12,291.5135987132187,291.7880546515022,283.8236850599058,286.8677062988281,16998800,506.1543604609167,508.4498505213197,495.9788149582036,507.9231872558594,26574900,274.49005224267427,275.2187095291286,271.19618380015726,272.962890625,48398000
2025-11-13,282.43140406714,282.95540141720784,277.4561704506044,278.573974609375,18060200,507.09842927280135,510.2683558569415,498.13520636364063,500.12261962890625,25273100,273.6016390736082,276.1868626363035,271.58539619817094,272.4438171386719,49602800
2025-11-14,271.3631268988507,278.6039400444266,270.87909024198706,276.4382019042969,18330500,495.0944623167857,508.38031503091224,494.30942559248354,506.96923828125,28505700,270.5473523374902,275.4482508823214,269.10005949599775,271.90484619140625,47431300
2025-11-17,285.839743672837,293.94385460993595,283.67400564199863,285.04132080078125,34286100,505.2501533046029,508.8970396915909,501.73242330739504,504.2961730957031,19092800,268.3214829895084,269.98836893107386,265.237217022597,266.9639892578125,45018300
2025-11-18,287.9206557340323,288.8688095426974,278.46421494061445,284.4025573730469,29702200,492.2524466910109,499.8145698875434,483.71651040889276,490.6824035644531,33815100,269.48928956232544,270.20795552947055,264.8279672087311,266.94403076171875,45677300
2025-11-19,287.1222246159708,303.654822395168,287.1072697972532,292.4168395996094,43123600,487.0156390818261,492.0736023312663,479.79137227085766,484.05438232421875,23245300,265.0376012369211,271.70520656667077,265.0076580872151,268.0619812011719,40424500
2025-11-20,304.14388799780994,306.2897067467055,288.6043676402575,289.41278076171875,34801400,490.5255566668064,491.3817596467919,473.39186588492817,476.3088684082031,26802500,270.327749378444,274.91922505965954,265.42688147061517,265.7562561035156,45823600
2025-11-21,296.28925176883206,303.3653785062888,293.7841521372714,299.0638122558594,43670600,476.3785437287191,476.796695003642,466.19388806310616,470.0268249511719,31769200,265.4568071090486,272.8230952896135,265.17732758833057,270.98651123046875,59030800
2025-11-24,310.4016170398079,319.1744002550105,308.7947506575406,317.8470153808594,55311800,472.8940955697233,474.7856658755464,465.9450303435204,471.8985290527344,34421000,270.397645153795,276.48633959077114,270.397645153795,275.4083557128906,65585800
2025-11-25,326.1606884500195,328.02705586506585,317.1942849998955,323.00689697265625,50899300,471.9681767111092,477.0256407210385,462.82888433135173,474.8752136230469,28019800,274.75950033189645,279.8600396675645,274.7395483878858,276.45635986328125,46914200
2025-11-26,320.1524948095306,324.3542507562828,316.57951134155564,319.6534729003906,29839600,484.1539100429923,486.14504291080743,479.06658014921754,483.3475036621094,25709100,276.4464065684995,279.0116481613461,276.11703191175064,277.0353088378906,33431400
2025-11-28,322.7972661019505,326.24052904498996,316.31997224508586,319.4937438964844,19695800,485.4382224868377,490.44592067381114,484.49242217644115,489.82867431640625,14386700,276.7458380127342,278.4826014787427,275.4781737009374,278.3328857421875,20135600
2025-12-01,316.85397476893087,319.00475802970755,313.3658164150799,314.5035705566406,28520600,486.27447583839387,487.68816317334665,482.5012705124726,484.5820007324219,23964000,277.4944549964911,282.89442609469603,275.62792768573877,282.57501220703125,46587700
2025-12-02,316.28007786122015,317.97676452439663,313.6053277555434,315.40179443359375,24668200,484.56211884124775,491.312058367048,484.16389832530854,487.82757568359375,19562700,282.47518456741903,286.86701880065203,282.10587559562896,285.6592712402344,53669500
2025-12-03,315.4117804706808,321.4100334471199,313.66520382303423,319.9927978515625,32285100,474.2082166599713,482.09308589504883,473.0931871020635,475.6119689941406,34615100,285.6692634925469,288.0847586222564,282.77461708045536,283.623046875,43538700
2025-12-04,322.41304312234007,322.4669231064659,314.9726102211733,317.76715087890625,20831600,477.6329620200481,479.186043226252,474.3774403367437,478.7081604003906,22318200,283.5731318378766,284.20196835267484,278.07334059490756,280.179443359375,43989100
2025-12-05,319.3739921709227,323.1964862382524,319.35404226124786,321.45989990234375,15719900,480.3807061976695,481.2568095233099,476.7568601661199,481.01788330078125,22608700,280.01974631085085,280.6186397013617,277.53434330937836,278.26300048828125,47265800
2025-12-08,320.61104175996445,320.8107929430465,311.5029486020491,314.0396423339844,22006900,482.74025101921535,490.11737199051475,482.2325023858298,488.8430480957031,21965900,277.6142094762677,279.15136205700173,275.6378704438954,277.3746643066406,38211800
2025-12-09,312.69140162718145,318.293090499111,312.2120170689398,317.3353271484375,14151300,486.93155551686203,489.93815525049575,486.33420957194573,489.8385925292969,14696100,277.6441787437343,279.5107061083118,276.4064879695729,276.6659851074219,32193300
2025-12-10,316.2067963622882,321.44994495209085,314.98838728040494,320.5810852050781,22764500,481.88401246545567,482.10303829287767,472.973680864489,476.4382629394531,35756200,277.23491184461454,279.2312028389952,275.92734368017386,278.26300048828125,33038300
2025-12-11,320.68095545193773,321.5697781115332,309.47559686198167,313.2906188964844,25912100,474.51683677020293,483.8751552220924,473.750231167373,481.3265075683594,24669200,278.5824273392719,279.07150890817053,273.3022288840155,277.514404296875,33248000
2025-12-12,314.384191403608,315.72743733563,306.5593944963072,310.11474609375,21264800,477.69270598810584,480.31105063829824,474.22812377070755,476.4084167480469,21248100,277.38461586894516,278.70217518025987,276.30663218031253,277.763916015625,39532900
2025-12-15,312.2170002056079,312.2919145159097,305.34097591001495,308.91632080078125,22028900,477.97146396596463,478.588710310573,470.42505317808707,472.7148742675781,23727700,279.63046152672615,279.63046152672615,272.33402020742307,273.6016540527344,50409100
2025-12-16,305.6006464692463,311.4380195138882,303.4334650759046,307.3283996582031,21285200,469.8177748762136,475.7712732838117,468.79234263095657,474.2779235839844,20705600,272.3140798989353,274.9891026980292,271.2859911871425,274.1007385253906,37648600
2025-12-17,308.60674262731374,308.79149875866017,297.0618312050489,297.6710205078125,29120400,474.79560024235434,477.8718969329872,472.8940646732686,474.00909423828125,24527200,274.50001118897205,275.6478724530811,271.13626563598973,271.33587646484375,50138700
2025-12-18,302.6645051874067,304.8616463852272,300.2376836446455,303.3536071777344,21040500,476.06992080908344,487.4293375934554,475.7712630284666,481.8342590332031,28573500,273.1025913325419,273.12257373871984,266.4549687260805,271.68524169921875,51630700
2025-12-19,302.87421730733627,308.58675384401073,301.9454382853998,308.2072448730469,45234400,485.1992432324443,485.68709144559693,480.35083955461556,483.7656555175781,70836100,271.6453053723066,274.09077415448866,269.399477884542,273.1625061035156,144632000
2025-12-22,310.8188320764369,311.29321825822973,306.1898713767453,310.9236755371094,14091400,483.9647726311972,486.5632169440421,480.5499868948874,482.7701110839844,16963000,272.3539780142796,273.37210596231955,270.00836035897595,270.4674987792969,36571800
2025-12-23,310.7289841005398,315.8872219232364,310.34447676582494,315.2680358886719,13961400,482.829854335465,485.66719456773416,482.5908977144131,484.6915588378906,14683600,270.3377490962612,271.99467443806464,269.06012395403746,271.85491943359375,29642000
2025-12-24,315.7374107235817,315.87724264961207,312.9111173503096,315.258056640625,6138200,483.5267014178325,486.99128356758627,482.680463867149,485.8563232421875,5855900,271.8349404799371,274.9192064044749,271.69521595033444,273.3022155761719,17910600
2025-12-26,315.50771928299366,316.14686819703024,313.31057822091293,314.5489501953125,6730900,484.5521629916047,485.95591540329985,483.8054881161676,485.5477294921875,8842200,273.65160578690546,274.8593534534055,272.35399820928086,272.89300537109375,21521800
2025-12-29,312.41177786022433,314.5589660191107,311.4929650481145,313.979736328125,12317700,482.71034015280554,486.1848877649252,482.0333622504328,484.9404296875,10893400,272.1843267483383,273.8512128461511,271.8449608988494,273.2523498535156,23715200
2025-12-30,313.000999413296,317.28540943965805,312.8412045581068,314.1394958496094,11052500,483.77560983811236,487.5089841188462,483.3475235456682,485.3187561035156,13944500,272.30405905646904,273.57169281796894,271.77504318392386,272.57354736328125,22139600
2025-12-31,312.9610408855354,314.97842425011913,311.7925848269269,313.3904724121094,10821500,485.6771523949816,485.97584057107747,481.15727202744546,481.4758605957031,15601600,272.553621806917,273.17246717497864,271.24605357156486,271.3558349609375,27293600
2026-01-02,317.17553493261676,322.4925921245844,310.2445893355621,314.90850830078125,22043700,482.24244872265706,482.5112407273309,468.07552715971417,470.84320068359375,25571600,271.7551282774649,277.32476727085935,268.5011639041959,270.5074462890625,37838100
2026-01-05,317.2803943893332,318.8333576971289,314.8375721951358,316.9058837890625,19934000,471.95822796941724,473.95932625248497,467.41844739653146,470.75360107421875,25250300,270.1381413175191,271.00652312062255,265.64648609237463,266.764404296875,45647200
2026-01-06,316.89590376555594,321.1403574586827,311.9323884629541,314.1394958496094,18989900,471.69937935780575,476.617480129593,467.6673473241013,476.3885192871094,23037700,266.5048844877732,267.05385240251036,261.63392891626114,261.87347412109375,52352100
2026-01-07,314.1594883653292,326.0389542255147,314.08957240180337,322.00921630859375,24681800,477.63296458601815,487.5288974221053,475.83099176167434,481.3265075683594,25564200,262.7119324450406,263.1910228349833,259.3282042611396,259.84722900390625,48309800
2026-01-08,328.8352904632479,330.10862036359265,321.56976069270803,325.58453369140625,21789600,479.10639276886474,480.5201105081445,473.7502403609407,475.9902648925781,18162600,256.5433578451618,258.80916773471864,255.22581364132833,258.55963134765625,50419300
2026-01-09,327.06260864018543,331.04742232785975,325.8242366201649,328.7104797363281,17917700,471.9582322108041,477.6927047258898,470.106493184136,477.15509033203125,18491000,258.5995368285105,259.7274461787287,255.74485516422806,258.8890075683594,39997000
2026-01-12,326.0738959562766,334.00353617058494,325.0851977244808,332.2957763671875,23893800,474.5566738594685,478.85749783991434,473.57104241242143,475.06439208984375,23519900,258.679389570116,260.81540508500296,256.32375036738995,259.7673645019531,45263800
2026-01-13,334.842443176996,340.7547307187532,333.9136641838289,335.9909362792969,24616700,472.57548334410274,473.6706125344443,463.88420753037366,468.5832824707031,28545800,258.24022168851656,261.3244878277737,257.9108470550362,260.5658874511719,45730800
2026-01-14,334.5478107597875,336.5901553278728,330.7078579636465,335.87109375,17839300,464.3919508718589,466.12425727832346,455.14315976714454,457.3433532714844,28184300,259.0087756526009,261.33447181199796,256.23393227813756,259.4779052734375,40019400
2026-01-15,337.61382063072415,337.68873494454425,330.85766500986597,332.7252197265625,16424900,462.06232415810086,462.191752665677,453.8787662235596,454.6354064941406,23225800,260.16664839115424,260.55593980217856,256.57331808587395,257.7311706542969,39388600
2026-01-16,334.49790980660475,334.8025044691476,327.74175393116076,329.9089050292969,21868600,455.8001987238622,461.13645097900303,454.4562082505655,457.8211975097656,34246700,257.4217218192236,258.41986733264514,254.4572284259222,255.05612182617188,72142800
2026-01-20,320.82075024052295,327.66181662107743,320.4712313964823,321.73956298828125,27169900,449.2194951600843,454.77474258752966,447.28809381488645,452.5048522949219,26130000,252.26132447540706,254.31750190322293,242.9685916985444,246.2425079345703,80267500
2026-01-21,320.67598013932434,332.290808151728,319.12301669075015,327.95147705078125,22791700,450.5933708341933,450.6829681667298,436.73507280530305,442.1409912109375,37980500,248.23880604127606,251.09350304772093,244.72532928784554,247.1907501220703,54641700
2026-01-22,333.8287821334127,334.7725256981915,328.4508000741002,330.4082336425781,19902100,445.6354487179439,450.8323067932568,442.7284117030413,449.1398620605469,25349400,248.737864640942,250.53452965267718,247.68980878155546,247.8894500732422,39708300
2026-01-23,332.2208964370305,333.59410211341356,327.54201262517483,328.00140380859375,19110600,449.8665935761158,469.01134678020316,448.5325382185013,463.8841857910156,38000200,246.86136630134166,248.94748685874615,244.22624741136653,247.58001708984375,41689000
2026-01-26,327.7717128570099,335.9110710528279,327.06261745942396,333.1546630859375,18502500,463.2470104625561,472.14737672642065,459.9516880286902,468.1949768066406,29291200,251.01365072947274,256.08423219515316,249.33677343540953,254.93637084960938,55969200
2026-01-27,335.19198786494,337.77360575319784,333.3144364997522,334.56280517578125,16080900,471.59986874099184,480.72919663912324,471.06225431764057,478.4493408203125,29213900,258.6894015269614,261.4642450011371,257.73115984508394,257.7910461425781,49648300
2026-01-28,336.17071194822404,337.18940036194795,331.69657781901543,335.8411560058594,17538500,481.0676409982362,481.59528998521284,475.8807484603396,479.4946594238281,36875400,257.1721946066941,258.3799421919039,254.03801819206552,255.96444702148438,41288000
2026-01-29,339.9058450626567,341.84331577646435,326.29362750773345,338.2180480957031,24548300,438.0392806211351,440.5381621786467,419.1533835040837,431.57806396484375,128855300,257.52154586161765,259.16847988830324,253.93820707645818,257.801025390625,67253000
2026-01-30,334.02353024324157,339.8459393190057,332.2059284569407,338.0882263183594,21740200,437.2229285851671,437.65101486434605,424.55932220203715,428.3822937011719,58566800,254.6968198516284,261.4143357105436,251.71235892004358,258.99884033203125,92443400
2026-02-02,336.1107810155394,344.71455893391885,335.5715076740309,344.44989013671875,22775200,428.33251789753194,428.8303011436502,420.37795134689077,421.49298095703125,42219900,259.5477742456141,269.98836769074944,258.72928762151224,269.50927734375,73913400
2026-02-03,348.0602055415327,349.6930511556747,338.14813929481124,340.2554016113281,25786500,420.1390072256922,420.178808008447,406.7486263222299,409.3868713378906,61424100,268.70080609664296,271.3758289780004,267.11372779647115,268.98028564453125,64394700
2026-02-04,343.3063846149433,343.800733734723,328.94014812343124,332.90496826171875,36991100,409.17783910585314,417.93881231579195,407.4256323109538,412.35369873046875,45012400,271.7850411492978,278.432693698261,271.7850411492978,275.97723388671875,90545700
2026-02-05,312.79126924034074,332.2098940118301,306.5194661993319,330.8975830078125,51842000,405.6335909812077,406.4897635323938,390.5806313349955,391.9246520996094,66289200,277.6142303156022,278.98168486317746,272.72332314901723,275.3983459472656,52977400
2026-02-06,326.9228291868256,330.2085444197576,319.732212669293,322.6783752441406,33877000,397.4002746193236,400.0086538663787,391.17798428483076,399.3615417480469,53515300,276.6060720438839,280.3890519626743,276.4164219647768,277.6042175292969,50453400
2026-02-09,320.82077417447744,327.3122917175226,317.28541579501643,323.9766540527344,26103300,403.0550898097971,413.05058563481117,399.0927243377603,411.76629638671875,45480500,277.6541982366954,277.9439398399519,271.4499228389202,274.3672180175781,44623400
2026-02-10,320.49122633441056,321.21028797646636,314.2493823852293,318.2142028808594,25281900,417.75959730190846,421.80159473973595,410.8702943432265,411.437744140625,44857900,274.6369782150198,275.11651686144285,272.68876099546605,273.4280700683594,34376900
2026-02-11,318.5437226409867,320.6260234898432,309.7252599216724,310.9236755371094,24008100,414.33481566901673,414.61357304478975,399.2320904458023,402.5771789550781,42491000,274.44714753122867,279.92208361183503,274.1973776592452,275.24639892578125,51931300
2026-02-12,311.94236944068,316.06698440393103,307.74783851722964,308.96624755859375,28194000,403.20440420967,404.3990960787573,396.24540458526855,400.05841064453125,40802400,275.3363333447182,275.46621856633783,259.94051360693726,261.4891052246094,81077200
2026-02-13,307.5830680236357,308.48691626632296,303.5034074415816,305.6206359863281,20236000,402.65686886295305,403.7420326637702,396.2852191820681,399.5407409667969,34091600,261.7688319830923,261.9886306947134,255.21485759663088,255.5445556640625,56290700
2026-02-17,300.24765706433305,304.49211049817023,296.51251731768605,302.4248046875,23750800,397.45004705087115,398.7442713079252,392.78083787972264,395.1004943847656,32078800,257.8124646511843,266.0449008431299,255.30478047881587,263.6371154785156,58469100
2026-02-18,302.0373377837931,305.51079587835017,301.58593178171805,303.5433654785156,15847700,396.3648548030424,400.77520665339193,394.56288205367116,397.8283386230469,23223400,263.35737977838915,266.57441720150126,262.20844437502524,264.106689453125,34203300
2026-02-19,302.1251671400422,305.63059595669705,300.27760597580755,303.163818359375,13448600,399.82403795970674,403.55594539020564,395.8127368785549,397.5988464355469,28234000,262.35827847824623,264.2365527856389,259.81060750150084,260.3401184082031,30845300
2026-02-20,304.4022187611668,316.3466327070812,304.0227402687717,314.4890441894531,33663100,395.2539159508346,399.2552593187824,394.3059873534157,396.37152099609375,34015200,258.73163460792017,264.5063132392292,257.9223826043077,264.3364562988281,42070500
2026-02-23,318.7235232646917,319.0380841366731,309.5854400242665,311.2832336425781,17641200,394.14630950985264,394.50551684604494,382.27203437696886,383.6390686035156,43238300,263.24744081710827,269.1819753311392,263.13755670993424,265.9349670410156,37308200
2026-02-24,310.23461833809165,311.962341120562,305.69053796389596,310.5142517089844,15040700,383.30981969967445,388.5185091169527,380.88504821898124,388.1593017578125,33884700,267.61343657617186,274.6369951599546,267.46358073991865,271.8895263671875,47014600
2026-02-25,311.71267438325657,313.25067319659894,308.95626646698753,312.6214904785156,20209100,389.68597856263057,400.60233728073825,389.31678308531696,399.7342224121094,43625500,271.5298429675081,274.6869380517792,270.8005039088116,273.97760009765625,33714300
2026-02-26,312.39679526824995,312.59154811608227,302.01537127964497,306.7491760253906,22380000,403.8353349281015,406.6093255926281,397.8782360341113,400.851806640625,34405900,274.6969199809464,275.8558253670768,270.55071567552415,272.6987609863281,32345100
2026-02-27,303.54334418120766,311.6727051893538,303.1948006205073,311.0235595703125,33389200,390.03523926255787,395.9624042352165,389.0374004516944,391.8912048339844,51367200,272.5588900215503,272.5588900215503,262.6480379442022,263.93682861328125,72366500
2026-03-02,302.5696161295488,307.7378808552178,300.6671034421218,305.9601745605469,21854400,392.01092411942045,400.32293811697235,389.78576315389057,397.6886291503906,35474900,262.16844722421786,266.2846497598317,259.960490133898,264.476318359375,41827900
2026-03-03,298.03054247338764,303.54332729400136,296.31178027781107,303.163818359375,20361100,392.2903484387299,405.82103971635513,391.82136299902305,403.0570068359375,38199200,263.23749216234586,265.31556422164516,259.8905695547566,263.5072326660156,38568900
2026-03-04,302.28999979339955,305.06137237929244,300.40744992717754,303.05401611328125,20015600,400.4027502952161,410.14166638677375,399.44483360720756,404.32427978515625,35808000,264.4063951364299,265.9050144519466,261.179387723623,262.2783508300781,39803100
2026-03-05,302.80432345436964,302.97408452968756,297.68101344342887,300.5173034667969,22643900,403.54596943015656,410.72040218284053,403.525993165685,409.79241943359375,39001300,260.54995479568396,261.3192350446657,257.01320478174756,260.0504150390625,49658600
2026-03-06,295.6856162816382,299.9380551922433,294.864698015099,297.91070556640625,17598000,408.31564337314285,412.1572983375802,407.6271321747383,408.0761413574219,31123900,258.39192833924307,258.53178361058343,254.13584003818684,257.2229919433594,41120000
2026-03-09,293.95810054029374,306.3156537788302,293.7532067591801,305.8259582519531,19632700,404.044890641513,409.3234358422322,402.62794618065146,408.5251770019531,30131900,255.45463216869055,260.9095975388004,253.44647267699952,259.6407775878906,38218500
2026-03-10,305.6910336876566,308.9640578626859,305.12637106289316,306.7453918457031,14386400,409.1438479339772,409.31349393117443,402.05918625996463,404.8830871582031,31706400,257.4128391437035,262.2384104290217,256.71350175461305,260.58990478515625,30590800
2026-03-11,306.11574664278464,310.8818905063814,305.6560318751311,308.2344970703125,13376700,404.6934855668013,408.1260534422115,400.7220762180728,404.0049743652344,25512100,260.8496568052655,261.888707997661,259.3110658747261,260.5699157714844,26218900
2026-03-12,306.02581398501115,308.4543755816348,300.6590487824004,303.0276184082031,15610200,403.7555185610488,405.2422886286942,400.84181586601125,400.9914855957031,27263900,258.4219063383753,258.71164792954545,253.94601921584928,255.52456665039062,40794000
2026-03-13,306.4705694514694,307.075216570357,299.59970423366394,301.2786865234375,16857500,400.13336309353434,403.9251383935716,393.3979511212616,394.69512939453125,26848000,255.24483747003174,256.0940459350445,249.29033192864068,249.8897705078125,36930000
2026-03-16,303.41739386063404,305.3862101461126,301.62846198721604,304.2369079589844,14822000,397.209690545171,399.7641553863696,393.9367805641587,399.08563232421875,27733700,251.87794235419486,253.6563027081548,249.6499992581203,252.58729553222656,32074200
2026-03-17,304.4867681271186,309.86350667991195,304.1669532729026,309.2239074707031,14423600,399.4049101655112,403.5259891234105,396.8903674487218,398.5467834472656,26228300,252.72716690012706,254.89516767044782,251.94787083452104,253.99598693847656,32361600
2026-03-18,307.7197987713232,310.56308876859424,305.36123291378533,306.1157531738281,13848400,396.271723303423,397.13983817793417,390.1549666521916,390.9432678222656,25908500,252.3974721128864,254.70534343896443,248.7708084606242,249.70994567871094,35757900
2026-03-19,303.0276083402022,306.495522328792,300.8189462117848,305.5461120605469,15399700,389.2569126674818,391.6417315076428,386.2234742615233,388.1792297363281,25138800,249.17043241392184,251.5982036354298,247.0723745163624,248.73085021972656,34864100
2026-03-20,303.8871134611093,304.1869208156099,296.5715090190732,298.61029052734375,34763500,385.95408868282834,386.16362631018524,379.29849030352204,381.0447082519531,50853200,247.7517334570195,248.97061168291066,245.77356028907465,247.76173400878906,88331100
2026-03-23,300.3492505237287,303.18753879791194,297.8507541028747,298.84014892578125,22204100,383.07032058481127,386.3731646745857,380.85511716508233,382.1722717285156,29680100,253.73622734962268,254.3656523266213,250.0496214753341,251.25851440429688,40546100
2026-03-24,296.03182484480067,296.9213041605432,288.6812683049409,289.02606201171875,27411200,381.53362193174286,381.6434000325674,371.04635704379217,371.9344177246094,42733600,250.1195650925759,254.5954370944537,249.32029842391177,251.4083709716797,45152300
2026-03-25,291.97425966938914,294.48275961254154,287.1971361576211,289.4158020019531,22343000,376.10542586510894,376.2451074667104,368.831172255135,370.2381286621094,31181200,253.86611511385965,254.76528059453105,251.3684162845015,252.38746643066406,28476700
2026-03-26,286.01787071952646,286.34268744484854,278.8821505013807,280.5711364746094,29281200,370.01860155518807,373.9101668945663,364.4007640805619,365.1790771484375,36836600,251.88793104116345,256.76344411909713,250.53918279672283,252.6572265625,41796700
2026-03-27,277.2331315119547,278.92211737858287,273.3155065603785,273.5953369140625,25703300,361.11784971721505,361.6666793192034,355.73951450811694,355.9989318847656,37883400,253.666280215245,255.2548282141602,247.8416601166152,248.57098388671875,47900000
2026-03-30,275.2743430238678,276.0938571665062,271.37169284977546,272.9757385253906,22752300,361.1178525849577,364.5703662773937,355.51000344849933,358.1842041015625,44797000,249.83982057534305,250.63907198816298,245.28400520065438,246.40298461914062,39446200
2026-03-31,277.37306812768094,286.8773271197116,276.59353851793674,286.68743896484375,31625100,363.7621155862403,372.09407550142714,362.28533367877645,369.3699951171875,45244400,247.6818040942864,255.24482803058763,246.87255213324852,253.55638122558594,49598100
2026-04-01,289.8056019553753,297.80576171350253,289.2958989360971,294.7226257324219,24403600,372.682807332766,373.1817267376728,367.4042619540212,368.57171630859375,29417200,253.8461228128272,255.94418062939917,253.096813183035,255.3946990966797,40059400
2026-04-02,288.8161565344196,295.7220036805807,287.3970277745505,294.2828674316406,13433400,366.41637016886637,372.83249667260446,363.3629859357669,372.6528625488281,24099100,253.96601496217014,255.89424639361263,250.4192795609811,255.68443298339844,31289400
2026-04-06,294.52274605218776,298.2454810135183,293.6132897699338,297.48095703125,10121700,372.682794233078,372.92229624611906,368.70142726638517,372.0741271972656,16146600,256.27389167390277,261.9186847371787,256.2239194053331,258.6217041015625,29329900
2026-04-07,299.9594938576911,303.9171035550764,295.2473028799287,303.7471923828125,17317700,369.5396147715723,371.64507045865594,365.7677853538718,371.48541259765625,21443300,255.92421782448065,255.96418954301222,245.47383916108728,253.26666259765625,62148000
2026-04-08,317.63882755519,319.1979173516329,312.5169099892079,314.5506896972656,20887500,384.148004001906,384.167949815935,370.6073237610428,373.52099609375,33064800,258.2121146377317,259.51090582044134,256.29386854025813,258.66168212890625,41032800
2026-04-09,313.00163791186503,317.23907805281584,309.2838740431667,316.1797180175781,14606800,371.6949574789129,372.6927962909368,366.2567237727329,372.26373291015625,30435300,258.7615948993736,260.879638597066,255.8342992320816,260.2502136230469,28121600
2026-04-10,318.03358841229215,319.3078153785124,314.3508074416827,315.53009033203125,11997600,372.17393720824543,374.8281921461914,369.23030048358606,370.0684814453125,28111100,259.7406946341393,261.94865175168746,258.78155637925676,260.240234375,31291500
2026-04-13,315.23030679320124,319.2378742739686,313.50133630699344,319.01800537109375,12212800,372.8025510733858,383.70895264062807,370.2181521550117,383.539306640625,35745800,259.49093671136296,259.9405042051452,256.4237552437805,258.96142578125,36234700
2026-04-14,321.87130162031684,330.4411565240312,320.95684339258287,330.38116455078125,18557500,387.0816509997633,393.83700889302276,385.684652281273,392.2604064941406,37504500,259.01136264890187,261.68888841493145,256.9532612999924,258.59173583984375,48370700
2026-04-15,330.3611774124935,334.79850934948115,328.462326295132,334.2688293457031,15104100,397.1398382929036,413.47445440771634,395.8725939925935,410.3312683105469,45063400,257.92237663273806,266.3146386359468,257.57269269729437,266.18475341796875,49913500
2026-04-16,335.64798864456304,337.1770671128283,331.4505027908985,332.56982421875,13949600,418.95258572248235,419.9105328997013,411.2492993874727,419.35174560546875,41642400,266.55439590858066,266.91408037974617,261.0294875448873,263.15753173828125,43323100
2026-04-17,334.22884980226,339.7805014284534,333.0895513147008,339.19586181640625,19683800,423.9018933176335,430.64726300981,419.78081413338697,421.87628173828125,48568200,266.7142527536172,272.0493335842862,266.47448343207725,269.98126220703125,61436200
2026-04-20,338.3563758313641,338.9560210703948,334.4287467895101,335.1982727050781,12897300,420.2398034863272,422.4150847565369,415.40027922801784,417.1664733886719,27582200,270.08114756253855,274.0275237795767,270.04120633500696,272.79864501953125,36590200
2026-04-21,335.3831540609058,336.9672227230362,329.43174911178386,330.271240234375,14623800,419.33177508554746,426.25677891783357,416.2983670043314,423.2433166503906,32048500,271.250098918132,272.5488901425708,265.1557075406741,265.9250183105469,50209800
2026-04-22,334.6835958687374,337.8266933540505,332.7597353449777,337.5268859863281,12954200,425.2689090952171,432.7626880248645,422.7543663498755,431.984375,29378200,267.5734973129919,273.48803128351057,266.62435952726383,272.9185791015625,43249200
2026-04-23,339.3707589505945,339.9553985352305,334.8584600686641,337.5468444824219,13442100,418.9825380949446,422.7443793162959,410.5208543154444,414.8514709472656,38308000,274.79681820267325,275.5161566987003,271.39995382845746,273.1783142089844,33399600
2026-04-24,337.516865979281,343.48327630328015,333.84906002833503,342.1141052246094,18260900,416.0688403922519,424.0316048781353,414.9013556123021,423.7023010253906,27457400,272.50893317942314,272.80864483253174,269.4017800912603,270.81048583984375,38157100
2026-04-27,343.6731704622599,350.688937144481,340.6050096635064,348.31036376953125,17443000,421.46715688013995,426.1869149113369,416.1686352924954,423.9018859863281,30867300,265.84505761361925,268.1129570778125,264.8260075108844,267.3636474609375,41466800
2026-04-28,346.7113473864688,349.6895354514848,344.0729206585439,347.2909851074219,18502300,423.6524179624475,428.99086152362304,420.9881750222059,428.3222961425781,30438100,272.0893199684016,272.97851539952296,268.4127145556596,270.4608154296875,40018900
2026-04-29,345.27221882647495,353.1874381893852,342.22403497775565,347.1011047363281,22232200,423.6623688360089,425.8975483734993,419.38166246548025,423.5426330566406,38288300,267.3037117460274,270.7905199823619,266.7942019267937,269.92132568359375,30047900
2026-04-30,371.0316955643996,382.3998535192728,362.87159825964693,381.71026611328125,44570500,409.92216255995794,413.5243765293071,397.1498378648014,406.8987121582031,70909400,270.25102650288807,275.7459641951834,267.893213328058,271.1002502441406,91848200
2026-05-01,377.7526634694606,383.15941312113796,375.0342982758103,382.989501953125,28047900,411.9078412872606,416.2085240460113,409.5529563541748,413.5443115234375,31372400,278.6032901046287,286.95561044034525,278.1137509144006,279.88214111328125,79915400
2026-05-04,382.0900629369803,383.94892960999147,376.5433826561863,379.41168212890625,18275000,410.6505829404435,419.87060358807366,409.91216153093814,412.72607421875,28066500,279.4025768563376,280.3716851917065,274.60697695873915,276.5751647949219,46668400
2026-05-05,381.6402985876544,388.72603026067463,380.1212238542502,384.0388488769531,15432500,414.42242364358015,415.8792597859335,407.916495085617,410.4909362792969,25700900,276.6750995896243,284.30808218316156,276.2455026895375,283.9184265136719,49311700
2026-05-06,389.3556636937157,396.14158814851396,386.86717115178936,394.90234375,23097300,407.11822745622237,417.51572107575487,404.23445872829495,413.0653381347656,30285900,281.66051049385584,287.76487170009636,280.8112868075762,287.245361328125,58336100
2026-05-07,396.8211765082595,397.11601249324696,390.0752364541107,395.0622253417969,15153600,419.2020489501835,427.05506598481406,417.8549909144547,419.8606262207031,34942400,289.00371711581823,291.8611003514943,285.5169394038565,287.1754150390625,45224300
2026-05-08,394.032860955436,398.13040116879216,393.43324621625237,396.8111877441406,13762500,416.48795292910256,417.7252633012779,413.105264767488,414.22283935546875,33383800,289.7430674686918,294.4886952888782,289.7330669166447,293.0500183105469,52692800
2026-05-11,390.4550091226855,394.09280386567815,385.99770027578,386.537353515625,16314900,406.9885016374445,411.79809190456297,404.6236285818644,411.7681579589844,35657900,291.9800109863281,293.8800048828125,290.2300109863281,292.67999267578125,42247300
2026-05-12,384.7684247628253,386.2075610512266,379.49160187176113,383.5891418457031,17103900,413.58422243338293,414.6020070114768,405.76117016707224,406.8887023925781,38594200,292.55999755859375,295.2699890136719,292.55999755859375,294.79998779296875,45748100
2026-05-13,381.67528465785847,399.6894366024174,381.3504679441929,398.79998779296875,18160100,402.3286237155428,405.4318878236479,400.1633000811369,404.3342590332031,29667100,293.5,300.9200134277344,293.5,298.8699951171875,52684300
2026-05-14,393.55314996386056,398.8639490394177,392.4917770286838,396.9311218261719,13805400,403.6058516736889,410.94993067744383,400.013625877668,408.5451354980469,27077500,299.82000732421875,300.45001220703125,295.3800048828125,298.2099914550781,35324900
2026-05-15,392.97848723377916,395.6418928419125,389.5255787505654,393.08343505859375,15801900,413.3746572242232,427.24464052002446,412.01761111071977,421.0081481933594,50771200,297.8999938964844,303.20001220703125,296.5199890136719,300.2300109863281,54862800
2026-05-18,391.8891422596936,404.2267181336527,390.66487298033206,392.87353515625,18592800,415.71960624154525,424.2012362508279,414.7117792841577,422.6246643066406,32564100,300.239990234375,300.6600036621094,294.9100036621094,297.8399963378906,34483000
2026-05-19,393.063429089017,393.1264099838384,382.7696364443794,384.6684875488281,25559400,428.9708919761278,431.7648588737268,415.58987007798993,416.51788330078125,33018700,296.9700012207031,300.510009765625,296.3500061035156,298.9700012207031,42243600
2026-05-20,384.8084179824556,390.46501731409904,379.7714408586532,384.6684875488281,16488100,413.2749005432513,421.18775475321456,410.4110776678385,420.1499938964844,27864000,298.17999267578125,302.79998779296875,298.0799865722656,302.25,38229800
2026-05-21,381.7802360746463,388.4462070831433,379.25175905431604,383.2393493652344,16837600,424.75,426.3399963378906,415.7099914550781,419.0899963378906,31393500,301.05999755859375,305.5400085449219,300.3999938964844,304.989990234375,42965100
2026-05-22,383.0294961863553,384.6385132044718,378.0325034604433,379.1518249511719,13382800,419.5400085449219,424.3999938964844,416.3299865722656,418.57000732421875,22390300,306.1199951171875,311.3999938964844,305.8399963378906,308.82000732421875,43670200
2026-05-26,380.76583200111435,385.15820799010294,378.911967276954,384.6085205078125,16150900,416.42999267578125,419.7699890136719,413.0199890136719,416.0299987792969,30398000,309.55999755859375,311.82000732421875,307.6700134277344,308.3299865722656,48000500
2026-05-27,382.5347809021544,389.49058591164453,381.7702264112071,384.5985107421875,16893100,411.010009765625,415.94000244140625,409.5799865722656,412.6700134277344,28901500,308.3299865722656,313.260009765625,308.29998779296875,310.8500061035156,50430900
2026-05-28,383.6291059052824,389.76542753221133,381.0206903760399,385.88775634765625,20795400,412.9800109863281,429.489990234375,412.6700134277344,426.989990234375,47250500,310.67999267578125,312.79998779296875,309.57000732421875,312.510009765625,48220400
2026-05-29,380.9957121529665,381.4204443301482,374.07485900677307,376.2035827636719,48018600,432.54998779296875,450.3299865722656,432.3599853515625,450.239990234375,79654400,311.7799987792969,315.0,309.5299987792969,312.05999755859375,70026800
2026-06-01,372.35092462272263,374.37470057389226,369.4876270555196,372.35589599609375,19091900,464.8399963378906,466.32000732421875,458.2699890136719,460.5199890136719,53628900,309.6300048828125,310.94000244140625,305.0199890136719,306.30999755859375,48849900
2026-06-02,362.94155828091095,369.56757513109494,354.78646296524,358.1744384765625,34648600,446.8800048828125,453.5,440.42999267578125,441.30999755859375,37036800,307.4599914550781,315.45001220703125,306.69000244140625,315.20001220703125,44534700
2026-06-03,358.1194663498822,362.28196979782444,354.16685855422884,355.466064453125,43031000,438.45001220703125,440.3900146484375,424.25,427.3399963378906,39037000,314.17999267578125,316.94000244140625,308.8500061035156,310.260009765625,50836700
2026-06-04,355.226213908984,369.63752354949486,354.58658421381983,369.0478820800781,37746200,435.80999755859375,436.1499938964844,426.4100036621094,428.04998779296875,26899500,313.2300109863281,313.5400085449219,309.6499938964844,311.2300109863281,44869100
2026-06-05,363.16143521275876,368.97794185707363,361.41248782137086,365.5400085449219,23411500,428.3399963378906,429.4700012207031,414.3999938964844,416.6700134277344,34782200,312.8599853515625,315.1700134277344,307.1499938964844,307.3399963378906,65310500
2026-06-08,362.4849853515625,363.3800048828125,357.8900146484375,361.1700134277344,18739000,414.1400146484375,417.1600036621094,408.55999755859375,411.739990234375,32086700,308.739990234375,317.3999938964844,301.1700134277344,301.5400085449219,77949100
2026-06-09,364.885009765625,369.6919860839844,354.7200012207031,362.2900085449219,19873600,409.0299987792969,411.9800109863281,398.4800109863281,403.4100036621094,35317300,300.2799987792969,300.75,287.7799987792969,290.54998779296875,70108800
2026-06-10,361.04998779296875,366.30999755859375,352.80999755859375,353.32000732421875,19878600,398.54998779296875,405.0400085449219,397.1600036621094,397.3599853515625,32576000,290.739990234375,294.75,287.3800048828125,291.5799865722656,52793300
2026-06-11,353.04998779296875,358.010009765625,343.6300048828125,356.55999755859375,28771800,395.2099914550781,396.8500061035156,384.0,390.3399963378906,47224100,293.7200012207031,297.0,289.5899963378906,295.6300048828125,42572500
2026-06-12,361.1000061035156,364.77301025390625,353.3399963378906,358.1600036621094,17637100,391.42999267578125,391.739990234375,382.2699890136719,390.739990234375,34865800,296.0299987792969,297.1400146484375,289.6199951171875,291.1300048828125,38742100
2026-06-15,365.989990234375,370.6499938964844,364.6499938964844,367.1099853515625,17268600,396.79998779296875,401.75,392.8500061035156,399.760009765625,32266400,294.1199951171875,297.7799987792969,291.70001220703125,296.4200134277344,45732600
2026-06-16,367.4649963378906,373.6000061035156,365.32000732421875,371.1000061035156,16492800,395.7900085449219,396.8399963378906,390.69000244140625,393.8299865722656,31506800,295.25,300.4800109863281,293.9700012207031,299.239990234375,39874400
2026-06-17,367.04998779296875,370.1499938964844,360.2300109863281,362.1000061035156,16003500,390.25,390.3699951171875,377.32000732421875,378.9100036621094,41987800,300.8500061035156,302.07000732421875,294.3599853515625,295.95001220703125,42745100
2026-06-18,363.8900146484375,369.0,356.6080017089844,367.4599914550781,29339100,377.82000732421875,381.3699951171875,373.2799987792969,379.3999938964844,59714200,298.1099853515625,300.57000732421875,295.6199951171875,298.010009765625,85962200
2026-06-22,357.135009765625,358.20001220703125,340.94000244140625,348.7799987792969,32211200,375.739990234375,381.6300048828125,367.07000732421875,367.3399963378906,45171100,297.30999755859375,302.4200134277344,296.760009765625,297.010009765625,44879900
2026-06-23,340.1050109863281,348.7200012207031,339.7149963378906,346.0799865722656,21820900,372.3800048828125,377.2200012207031,370.6700134277344,373.94000244140625,40647600,297.5400085449219,301.6400146484375,294.17999267578125,294.29998779296875,52010900
2026-06-24,348.7200012207031,352.8299865722656,341.5,345.0400085449219,23898400,371.57000732421875,378.8800048828125,364.7799987792969,365.4599914550781,44509900,295.3599853515625,299.70001220703125,292.94000244140625,293.0799865722656,53081900
2026-06-25,336.9200134277344,343.19000244140625,335.8999938964844,342.19000244140625,27687600,362.7699890136719,364.2300109863281,349.20001220703125,352.8299865722656,66179000,287.3999938964844,288.79998779296875,273.75,275.1499938964844,107013700
2026-06-26,340.9800109863281,344.1199951171875,333.69000244140625,334.69000244140625,82484600,357.1499938964844,376.6099853515625,355.42999267578125,372.9700012207031,186201600,275.0,285.95001220703125,274.2099914550781,283.7799987792969,261775500
2026-06-29,339.95001220703125,351.9700012207031,338.80999755859375,351.2799987792969,25565700,377.5,380.5,359.8999938964844,368.57000732421875,51229900,286.7300109863281,288.3699951171875,279.8500061035156,281.739990234375,66427000
2026-06-30,350.9599914550781,355.3900146484375,348.1099853515625,353.3299865722656,21278400,371.0299987792969,374.1499938964844,367.45001220703125,373.0199890136719,44945700,281.1700134277344,289.94000244140625,280.70001220703125,289.3599853515625,65100200
2026-07-01,354.614990234375,359.55999755859375,353.2300109863281,357.8900146484375,19546800,380.8299865722656,388.8299865722656,374.8900146484375,384.2799987792969,48065800,293.44000244140625,296.5899963378906,289.20001220703125,294.3800048828125,50164200
2026-07-02,356.1499938964844,360.989990234375,350.32000732421875,356.17999267578125,15532900,384.4800109863281,392.20001220703125,383.70001220703125,390.489990234375,42128900,294.1199951171875,309.4200134277344,293.67999267578125,308.6300048828125,75352800
2026-07-06,358.19500732421875,365.67999267578125,354.19000244140625,364.8999938964844,22652700,387.0400085449219,389.1499938964844,381.2200012207031,386.739990234375,34224500,307.3599853515625,314.20001220703125,307.0,312.6600036621094,53590000
2026-07-07,367.2349853515625,370.8900146484375,362.4200134277344,363.6199951171875,16443900,392.489990234375,395.57000732421875,388.2200012207031,388.8399963378906,29297500,315.2900085449219,315.4800109863281,310.1499938964844,310.6600036621094,42490000
2026-07-08,362.2099914550781,364.9800109863281,354.70001220703125,358.7099914550781,14700600,384.0299987792969,385.30999755859375,381.3299865722656,383.3399963378906,25874400,311.9100036621094,314.82000732421875,307.04998779296875,313.3900146484375,41299400
